--Historiainvernadero

INSERT INTO public.app_historiainvernadero(
    idhistoriainvernadero, idinvernadero, nivelenergia, niveltanqueagua, phagua, comentario, fecharegistro)
    VALUES (1, 2, 40.4, 31.2, 6.2, '- Vacío -','2018-05-23 00:00:00' );
	
INSERT INTO public.app_historiainvernadero(
    idhistoriainvernadero, idinvernadero, nivelenergia, niveltanqueagua, phagua, comentario, fecharegistro)
    VALUES (2, 2, 25.1, 22.2, 5.5, '- Vacío -','2018-04-23 00:00:00' );

INSERT INTO public.app_historiainvernadero(
    idhistoriainvernadero, idinvernadero, nivelenergia, niveltanqueagua, phagua, comentario, fecharegistro)
    VALUES (3, 2, 26.3, 33.2, 6.2, '- Vacío -','2018-05-23 00:00:00' );
	
INSERT INTO public.app_historiainvernadero(
    idhistoriainvernadero, idinvernadero, nivelenergia, niveltanqueagua, phagua, comentario, fecharegistro)
    VALUES (4, 2, 30.2, 24.2, 5.5, '- Vacío -','2018-04-23 00:00:00' );

INSERT INTO public.app_historiainvernadero(
    idhistoriainvernadero, idinvernadero, nivelenergia, niveltanqueagua, phagua, comentario, fecharegistro)
    VALUES (5, 2, 41.7, 35.2, 6.2, '- Vacío -','2018-05-23 00:00:00' );
	
INSERT INTO public.app_historiainvernadero(
    idhistoriainvernadero, idinvernadero, nivelenergia, niveltanqueagua, phagua, comentario, fecharegistro)
    VALUES (6, 2, 26.4, 26.2, 5.5, '- Vacío -','2018-04-23 00:00:00' );

INSERT INTO public.app_historiainvernadero(
    idhistoriainvernadero, idinvernadero, nivelenergia, niveltanqueagua, phagua, comentario, fecharegistro)
    VALUES (7, 2, 48.4, 37.2, 6.2, '- Vacío -','2018-05-23 00:00:00' );
	
INSERT INTO public.app_historiainvernadero(
    idhistoriainvernadero, idinvernadero, nivelenergia, niveltanqueagua, phagua, comentario, fecharegistro)
    VALUES (8, 2, 22.4, 28.2, 5.5, '- Vacío -','2018-04-23 00:00:00' );

INSERT INTO public.app_historiainvernadero(
    idhistoriainvernadero, idinvernadero, nivelenergia, niveltanqueagua, phagua, comentario, fecharegistro)
    VALUES (9, 2, 49.4, 39.2, 6.2, '- Vacío -','2018-05-23 00:00:00' );
	
INSERT INTO public.app_historiainvernadero(
    idhistoriainvernadero, idinvernadero, nivelenergia, niveltanqueagua, phagua, comentario, fecharegistro)
    VALUES (10, 2, 21.4, 40.2, 5.5, '- Vacío -','2018-04-23 00:00:00' );

-- Historiazona

INSERT INTO public.app_historiazona (idhistoriazona,idzona,temperatura,ph,concentracionco2,fecharegistro) VALUES 
(3,1,18.157779849998164,1.0806723271243914,45.89998480441726,'2018-06-17 11:31:09.253')
,(4,1,20.433448899653094,6.679613171441975,50,'2018-07-17 11:31:09.253')
,(5,1,20.80392109758582,5.110864590842715,54.56869059869722,'2018-08-16 11:31:09.253')
,(6,1,18.78702293210961,1.7449919646712653,50.80741687709409,'2018-09-15 11:31:09.253')
,(7,1,16.02943582666485,5.44736502148754,42.04668268349214,'2018-10-15 11:31:09.253')
,(8,1,24.94603976547621,6.579832567148394,41.74375209299365,'2018-11-14 11:31:09.253')
,(9,1,24.994499389249064,2.418915290743694,50.8767308730491,'2018-12-14 11:31:09.253')
,(10,1,17.684576677608543,7,42.286390488489374,'2019-01-13 11:31:09.253')
,(11,1,20.809251668458668,5.4711744667842765,48.30816550757188,'2019-02-12 11:31:09.253')
,(12,1,18.862770755228457,4.445007728313211,43.84125101249134,'2019-03-14 11:31:09.253')
,(13,1,14.855099699680093,8.087017912635702,67.07973886248537,'2019-04-13 11:31:09.253')
,(14,1,18.5283867206582,2.4785345176428075,48.304897931794805,'2019-05-13 11:31:09.253')
,(15,1,18.405722038234426,7.563407167253354,55.62654791746262,'2019-06-12 11:31:09.253')
,(16,1,18.35287916518557,2.915109531447163,50.88582018215486,'2019-07-12 11:31:09.253')
,(17,1,19.300462865002192,7.261895981640691,64.20963484980754,'2019-08-11 11:31:09.253')
,(18,1,22.58726025097276,1.8583251127691565,45.53478876577513,'2019-09-10 11:31:09.253')
,(19,1,19.23237946827542,11.492540866285134,51.63403544200411,'2019-10-10 11:31:09.253')
,(20,1,20.37542967220123,4.528397456185408,51.440943650511706,'2019-11-09 11:31:09.253')
,(1,1,24,8,44,'2018-05-29 00:00:00.000')
,(2,1,25,6,43,'2018-05-30 00:00:00.000');

INSERT INTO public.app_historiazona (idhistoriazona,idzona,temperatura,ph,concentracionco2,fecharegistro) VALUES 
(21,2,19.509563337878415,7.994411489911591,55.96642632165259,'2018-06-17 11:41:40.702')
,(22,2,13.128336916926415,4.117312837869902,49.4317010439054,'2018-07-17 11:41:40.702')
,(23,2,20.076364226756517,8.863653972864203,26.915471960208496,'2018-08-16 11:41:40.702')
,(24,2,18.481254377566376,6.161513442392176,40.96005317862679,'2018-09-15 11:41:40.702')
,(25,2,20.50865734615293,9.07106980228631,51.22277778551622,'2018-10-15 11:41:40.702')
,(26,2,14.830713710166913,7,73.59672238235221,'2018-11-14 11:41:40.702')
,(27,2,20.756512828744356,8.731430225075794,52.42570366255605,'2018-12-14 11:41:40.702')
,(28,2,18.948826283829813,7.754314650402504,49.79434666304739,'2019-01-13 11:41:40.702')
,(29,2,23.07187760534265,6.481477062193271,49.748927548026806,'2019-02-12 11:41:40.702')
,(30,2,21.897296239491563,6.776682810824091,50.986446283580975,'2019-03-14 11:41:40.702')
,(31,2,10.915083109337525,7.881401319945931,47.75382200091452,'2019-04-13 11:41:40.702')
,(32,2,25.03759277812002,5.243168101142007,52.873176507015266,'2019-05-13 11:41:40.702')
,(33,2,17.480327924420248,7.0775621747880395,29.648845852981665,'2019-06-12 11:41:40.702')
,(34,2,21.103130594271796,7,54.1330962864803,'2019-07-12 11:41:40.702')
,(35,2,20,7.662538856192762,42.76809230324676,'2019-08-11 11:41:40.702')
,(36,2,23.03877339806901,1.3070017124635243,39.545603962130386,'2019-09-10 11:41:40.702')
,(37,2,11.399131199443529,7.7066678150013,44.962372722426274,'2019-10-10 11:41:40.702')
,(38,2,19.326586964669644,5.432876582032777,52.915343359480715,'2019-11-09 11:41:40.702')
,(39,2,17.641812456107903,8.980570864027072,47.17314008543963,'2019-12-09 11:41:40.702')
,(40,2,20.649472500421595,8.978708727607701,74.72346823347314,'2020-01-08 11:41:40.702');

INSERT INTO public.app_historiazona (idhistoriazona,idzona,temperatura,ph,concentracionco2,fecharegistro) VALUES 
(41,3,21.257849757922145,6.287267565428708,30.823839100220745,'2018-06-17 11:43:35.363')
,(42,3,15.833527595152772,9.905432276489325,30.502835867427333,'2018-07-17 11:43:35.363')
,(43,3,14.329152108030053,5.572106572935711,55.3854807485233,'2018-08-16 11:43:35.363')
,(44,3,15.336130606220248,8.457394841759017,61.37284467305222,'2018-09-15 11:43:35.363')
,(45,3,21.022493604065076,9.243238509074551,53.92820277438418,'2018-10-15 11:43:35.363')
,(46,3,15.008382431087924,4.3669811368657685,61.4402879980816,'2018-11-14 11:43:35.363')
,(47,3,18.59863177502878,6.758840104584388,42.892497041217915,'2018-12-14 11:43:35.363')
,(48,3,17.766300868228267,6.37952059650181,43.49315375723902,'2019-01-13 11:43:35.363')
,(49,3,14.864698996236768,9.61815971295912,41.483766979420494,'2019-02-12 11:43:35.363')
,(50,3,19.69117175066273,5.521689131954757,55.90510077433171,'2019-03-14 11:43:35.363')
,(51,3,17.298003591112543,7,57.95821997724767,'2019-04-13 11:43:35.363')
,(52,3,19.12779792801536,4.136129186996859,55.30297279502893,'2019-05-13 11:43:35.363')
,(53,3,21.325402545720966,7.605524308137472,40.61071964104983,'2019-06-12 11:43:35.363')
,(54,3,22.285428407216482,9.311443345237306,59.83050186963377,'2019-07-12 11:43:35.363')
,(55,3,23.5986528914627,7.260574055939005,48.52788201937377,'2019-08-11 11:43:35.363')
,(56,3,22.830903604119385,6.030479008332547,59.63082646285801,'2019-09-10 11:43:35.363')
,(57,3,20.99009045688531,6.956672907615024,52.65671003189644,'2019-10-10 11:43:35.363')
,(58,3,18.242890951014857,7,69.50138751946122,'2019-11-09 11:43:35.363')
,(59,3,19.36197448216689,3.858545262050093,61.09378052093183,'2019-12-09 11:43:35.363')
,(60,3,25.875188892652176,10.349543412964803,42.63262695040014,'2020-01-08 11:43:35.363');

INSERT INTO public.app_historiazona (idhistoriazona,idzona,temperatura,ph,concentracionco2,fecharegistro) VALUES 
(61,4,16.216308131656167,7.048271971285714,38.27157003195228,'2018-06-17 11:44:16.680')
,(62,4,19.777992467271844,11.961495375410284,47.94711106356504,'2018-07-17 11:44:16.680')
,(63,4,20.432319400921543,7,29.325515686930004,'2018-08-16 11:44:16.680')
,(64,4,13.158353518606681,6.64118259854795,50.29294134273178,'2018-09-15 11:44:16.680')
,(65,4,21.861755409457015,10.427489303359339,59.69915525901776,'2018-10-15 11:44:16.680')
,(66,4,22.037761652374087,13.875232267132017,55.788388721786795,'2018-11-14 11:44:16.680')
,(67,4,25.557420740031112,7.053999406954327,43.036370818765114,'2018-12-14 11:44:16.680')
,(68,4,26.113419849024684,10.16658314056503,53.36244772229483,'2019-01-13 11:44:16.680')
,(69,4,17.4232034238052,10.938145305595075,40.08355852218889,'2019-02-12 11:44:16.680')
,(70,4,21.272565838749788,7.8578703091333315,47.4968570818598,'2019-03-14 11:44:16.680')
,(71,4,22.070051827478338,7.100125348565261,56.26603170181625,'2019-04-13 11:44:16.680')
,(72,4,16.609351070332508,6.321649337714511,47.7622948272614,'2019-05-13 11:44:16.680')
,(73,4,16.224951747370863,4.672703104995437,52.63426311502234,'2019-06-12 11:44:16.680')
,(74,4,20,5.25240216004144,52.48900884035225,'2019-07-12 11:44:16.680')
,(75,4,18.883285773210652,6.150098598933003,49.40631709529361,'2019-08-11 11:44:16.680')
,(76,4,22.678876006307284,6.087304733683828,46.36731310568506,'2019-09-10 11:44:16.680')
,(77,4,15.079268184277124,4.403344586481515,38.97799358249601,'2019-10-10 11:44:16.680')
,(78,4,17.646519576250142,7,51.476680595835994,'2019-11-09 11:44:16.680')
,(79,4,17.920449241260467,9.44863963183758,30.34622202083059,'2019-12-09 11:44:16.680')
,(80,4,10.33322985080445,3.0300761555406934,64.14122943131038,'2020-01-08 11:44:16.680');

-- Historiamodulo

INSERT INTO public.app_historiamodulo (idhistoriamodulo,idmodulo,temperatura,humedadtierra,humedadambiente,nivelagua,concentracionco2,luz,fecharegistro,comentario) VALUES 
(1,1,21.59900304633527,0.6287338084961256,47.851994700079814,74.93255218012746,33.577595425696565,false,'2018-06-17 12:03:30.231','')
,(2,1,21.118408282130616,6.158188932328944,61.567354986468956,74.10683550345969,58.31086960945007,true,'2018-07-17 12:03:30.231','')
,(3,1,19.97114248649876,4.03179807177532,54.46615605034438,56.889761916902906,53.20570188577183,true,'2018-08-16 12:03:30.231','')
,(4,1,18.618870504918448,6.21458521153186,60.81194701898451,54.322062793196864,55.24908923361714,true,'2018-09-15 12:03:30.231','')
,(5,1,13.757491684049374,7.122053038521244,60.59006775933125,62.33841579103784,64.07842931371022,true,'2018-10-15 12:03:30.231','')
,(6,1,21.7737062280214,8.637669425998114,64.19446055428341,64.31997031188786,58.21698532843709,true,'2018-11-14 12:03:30.231','')
,(7,1,19.90430842587903,7.404134795120672,61.79950252922888,70.28621521477324,43.7954455038101,false,'2018-12-14 12:03:30.231','')
,(8,1,20.518085248898092,8.767542255991147,80.66873963017983,60.73315428417756,37.94425400157352,true,'2019-01-13 12:03:30.231','')
,(9,1,18.978970146139396,7.719828564770144,49.495197072552564,70.8394892011968,57.41947621695309,false,'2019-02-12 12:03:30.231','')
,(10,1,20,7,57.282997983714324,56.92515227028232,52.105901571713474,true,'2019-03-14 12:03:30.231','')
,(11,1,14.77645776094125,7.680937030970677,80.40326479712127,58.503697377675614,41.75171354649928,true,'2019-04-13 12:03:30.231','')
,(12,1,22.830414537168444,4.111562389151102,64.99715757393422,64.3014080876424,28.955552274239885,false,'2019-05-13 12:03:30.231','')
,(13,1,22.21418937730416,7.713975365173385,84.65186250146624,60,49.35640652272213,true,'2019-06-12 12:03:30.231','')
,(14,1,16.271354844746618,13.353637186475005,57.4004107365844,65.87389140223581,53.064009937831095,false,'2019-07-12 12:03:30.231','')
,(15,1,23.401204857894115,5.836486785759909,77.46845512900306,57.83777864954357,34.713433799230884,true,'2019-08-11 12:03:30.231','')
,(16,1,19.867526632328794,7.889964862775098,54.63767351487261,62.74843159080108,58.394119123122096,false,'2019-09-10 12:03:30.231','')
,(17,1,21.56033717395738,6.023231632946074,60.469883909418705,65.09508422776095,55.48796984965427,false,'2019-10-10 12:03:30.231','')
,(18,1,21.991761204641474,8.148205965454066,51.83308339113855,59.15529906707278,37.231386906691,true,'2019-11-09 12:03:30.231','')
,(19,1,23.26786255508557,5.421176483695653,67.88512989257502,64.62135732738233,76.83700157165747,true,'2019-12-09 12:03:30.231','')
,(20,1,19.74801598310926,7.500087105531057,71.13189864892952,60.439011251160835,41.2736478524569,true,'2020-01-08 12:03:30.231','');

INSERT INTO public.app_historiamodulo (idhistoriamodulo,idmodulo,temperatura,humedadtierra,humedadambiente,nivelagua,concentracionco2,luz,fecharegistro,comentario) VALUES 
(21,2,23.95027294396491,7.619482149709978,59.07650303805005,62.939195639124385,66.708909210458,false,'2018-06-17 12:04:58.456','')
,(22,2,14.805627455205776,4.090580594038936,57.6725409466147,63.379299993742016,57.114403315270415,true,'2018-07-17 12:04:58.456','')
,(23,2,17.69184197322223,7.042900575727758,54.87311567459212,66.69640556973562,40.962778653801564,true,'2018-08-16 12:04:58.456','')
,(24,2,26.749887900550604,8.578843381976931,60.89262939816656,62.497027080508595,40.08667290905438,false,'2018-09-15 12:04:58.456','')
,(25,2,20,7.847516121635965,71.03885010174658,67.47616203120431,49.63712911834867,false,'2018-10-15 12:04:58.456','')
,(26,2,19.434172845382747,10.771915936208522,62.91778397602685,60.749792004093855,58.072334757702244,true,'2018-11-14 12:04:58.456','')
,(27,2,17.43229876392336,10.282332631594972,55.458799790377995,54.63556494055535,25.224399544686,false,'2018-12-14 12:04:58.456','')
,(28,2,14.266020117518522,8.975802958018086,64.15797003195989,61.16074266141595,55.37900601952065,true,'2019-01-13 12:04:58.456','')
,(29,2,24.91723187761842,6.933135442655618,55.45519916827981,71.06634492672757,37.77631718676113,true,'2019-02-12 12:04:58.456','')
,(30,2,19.228535630670248,4.721484489989969,60.62645601695557,60.64119483050126,47.0344331371028,true,'2019-03-14 12:04:58.456','')
,(31,2,20.536557370606026,6.318822360363533,71.71817014658137,56.60891526104891,50.96206103218357,true,'2019-04-13 12:04:58.456','')
,(32,2,22.348060460050224,2.3982372092156607,59.48275565593056,56.96284559474667,41.89885941151839,false,'2019-05-13 12:04:58.456','')
,(33,2,20.695975915914644,11.158087167588523,48.38989656820305,62.12267586252899,60.48997884465125,false,'2019-06-12 12:04:58.456','')
,(34,2,19.039976653359275,7.797973064658282,61.65191801679191,63.74365551945106,49.16419878913419,true,'2019-07-12 12:04:58.456','')
,(35,2,23.506916381079403,6.579235779584689,66.49690412056319,64.47077397277337,50.195285098808014,false,'2019-08-11 12:04:58.456','')
,(36,2,19.7629678831201,7.294332385906793,55.949297071695064,60.25833406828803,49.375555525021355,false,'2019-09-10 12:04:58.456','')
,(37,2,19.192903364005936,8.90386910473594,57.1673660006172,64.91185106920696,45.385710252103216,false,'2019-10-10 12:04:58.456','')
,(38,2,21.190148175304365,8.82365755765916,47.582031168026056,62.88629722446685,40.72677137032288,false,'2019-11-09 12:04:58.456','')
,(39,2,18.6361858762697,4.032840666887003,63.742276130120096,56.99572263410349,42.92290163426277,false,'2019-12-09 12:04:58.456','')
,(40,2,18.281429973490233,6.755111503356646,72.46238376993908,62.437818592277985,52.32657973096418,true,'2020-01-08 12:04:58.456','');

INSERT INTO public.app_historiamodulo (idhistoriamodulo,idmodulo,temperatura,humedadtierra,humedadambiente,nivelagua,concentracionco2,luz,fecharegistro,comentario) VALUES 
(41,3,21.015939363599117,1.2278878351271807,60.5675345771346,60.541437708533174,49.653723465169435,true,'2018-06-17 12:05:54.204','')
,(42,3,17.51377260211588,2.080108681522744,65.75399030625313,67.09243520290016,52.002463432864204,false,'2018-07-17 12:05:54.204','')
,(43,3,20.781791257905137,5.852273276093291,45.62269441296718,61.61298988247391,44.51477501816983,true,'2018-08-16 12:05:54.204','')
,(44,3,22.492140652504794,4.177729815170502,56.751228878767414,58.45769669627662,59.596104675868844,false,'2018-09-15 12:05:54.204','')
,(45,3,26.91234044912749,6.303233560355993,82.27249816543593,58.6590278623391,52.751060017562345,true,'2018-10-15 12:05:54.204','')
,(46,3,18.25641615191,8.35537886557665,67.03669285248431,56.18784639460624,56.701874029177866,false,'2018-11-14 12:05:54.204','')
,(47,3,20,6.004117174652778,60.31672551727427,55.39785747590956,41.89043006335322,true,'2018-12-14 12:05:54.204','')
,(48,3,21.844125658030112,2.474969905280532,70.15334425802322,75.38193882708755,46.677617578066034,true,'2019-01-13 12:05:54.204','')
,(49,3,19.89214982625312,5.4835648522741725,61.8090347335112,60.762337441781355,50.47934119694688,true,'2019-02-12 12:05:54.204','')
,(50,3,21.758464642106738,7,62.71803071076262,69.46218636351104,42.96430965320389,false,'2019-03-14 12:05:54.204','')
,(51,3,20.454961064103426,10.266046394008141,67.98250658212024,66.55616037173984,74.20626360360387,false,'2019-04-13 12:05:54.204','')
,(52,3,16.45152087139324,5.580850180414711,62.19913404078004,63.61519783974563,53.64580622458075,true,'2019-05-13 12:05:54.204','')
,(53,3,24.174171616036002,6.444885135408487,61.63593056541502,64.66698486662789,55.842644946797286,true,'2019-06-12 12:05:54.204','')
,(54,3,17.80912795008117,10.690014845712419,62.83269842936062,67.38546069080537,35.33214230952618,false,'2019-07-12 12:05:54.204','')
,(55,3,26.8501437453792,4.212386352653127,60.403502448687256,59.600357306583135,50.38197003767294,true,'2019-08-11 12:05:54.204','')
,(56,3,14.158268925656436,2.2396456616559064,70.03788830377775,62.83787069414793,55.24688512312591,true,'2019-09-10 12:05:54.204','')
,(57,3,18.96785518373175,8.623768569566366,68.45455046029645,59.91586534951177,41.05615988067234,true,'2019-10-10 12:05:54.204','')
,(58,3,26.15220912683301,7.368555039523568,60.13110015144445,50.18827465291286,55.43688540704702,true,'2019-11-09 12:05:54.204','')
,(59,3,17.805809795581325,9.348715278109943,60,65.98243665619039,46.50056204107747,true,'2019-12-09 12:05:54.204','')
,(60,3,20,1.368336230309506,69.74041352593571,59.96357230768785,53.81630022603861,true,'2020-01-08 12:05:54.204','');

INSERT INTO public.app_historiamodulo (idhistoriamodulo,idmodulo,temperatura,humedadtierra,humedadambiente,nivelagua,concentracionco2,luz,fecharegistro,comentario) VALUES 
(61,4,19.25647715877527,3.536185548175811,65.7460046308376,61.07514971934829,53.517094863281514,false,'2018-06-17 12:06:22.571','')
,(62,4,19.413996791843424,5.863989812487095,56.24177265308655,71.83865551663735,44.97949302360206,false,'2018-07-17 12:06:22.571','')
,(63,4,19.804017380641714,6.623378190964747,64.7798207666193,63.01455297851231,57.692330062974065,false,'2018-08-16 12:06:22.571','')
,(64,4,14.509112053406962,8.982208634047392,69.10510816333719,66.04594253982256,70.2644239809029,false,'2018-09-15 12:06:22.571','')
,(65,4,26.387892351819367,7.019663833303836,74.46761603520793,69.93418179896625,65.72883256080411,true,'2018-10-15 12:06:22.571','')
,(66,4,19.503179280937708,10.583132990733674,64.70967586062159,59.02155848290423,53.72192650585893,true,'2018-11-14 12:06:22.571','')
,(67,4,18.951095255518272,7,53.59966788501134,63.35584965651619,28.785520088924045,false,'2018-12-14 12:06:22.571','')
,(68,4,16.788497266384578,11.937146058873168,50.13456288588344,63.22421464118122,50.78812947761148,false,'2019-01-13 12:06:22.571','')
,(69,4,15.574239760837228,7.380422462932401,67.4457394467647,57.482281628755246,73.6979294816246,true,'2019-02-12 12:06:22.571','')
,(70,4,19.25468929246354,6.097838923393666,48.16653410381019,59.17360852533277,29.387760829672708,true,'2019-03-14 12:06:22.571','')
,(71,4,26.80099879245676,7.558450435532034,71.09858608086866,53.724431448856755,50.97504465982252,false,'2019-04-13 12:06:22.571','')
,(72,4,21.05759884387068,9.730110247155643,70.13660936177158,60.134523471398694,53.563898782876265,false,'2019-05-13 12:06:22.571','')
,(73,4,17.995288777169993,12.802764746194672,59.792178247187096,61.40738041510323,62.61919331938061,false,'2019-06-12 12:06:22.571','')
,(74,4,20.765367397674915,9.329559045430795,52.6158053721935,60.22064919241006,43.939830040122615,true,'2019-07-12 12:06:22.571','')
,(75,4,21.174772755101873,8.7300056992607,71.92211836825226,64.011699647029,59.4844903635306,true,'2019-08-11 12:06:22.571','')
,(76,4,21.683065973979467,1.5903751232309968,59.6919517926644,71.37853838585937,51.94068326155975,true,'2019-09-10 12:06:22.571','')
,(77,4,19.954946204176313,7.488482712781915,60.975655473746045,60.677207422111366,48.3533224711005,false,'2019-10-10 12:06:22.571','')
,(78,4,19.91282355446011,8.336440282730939,51.22296386132299,60,30.318012366357777,true,'2019-11-09 12:06:22.571','')
,(79,4,20.791804783195268,7,65.20210944535064,65.26372095346788,52.21248445060462,true,'2019-12-09 12:06:22.571','')
,(80,4,20.201015785961904,7,69.00322868753729,63.80443768865576,59.26870909984753,false,'2020-01-08 12:06:22.571','');

INSERT INTO public.app_historiamodulo (idhistoriamodulo,idmodulo,temperatura,humedadtierra,humedadambiente,nivelagua,concentracionco2,luz,fecharegistro,comentario) VALUES 
(81,5,22.013676743296955,3.641008178716328,59.497270039075794,64.97069871079168,49.48229749866945,false,'2018-06-17 12:06:53.486','')
,(82,5,20.605669749484072,7.731692963436921,60,58.81711385157519,52.9867470779988,true,'2018-07-17 12:06:53.486','')
,(83,5,17.484871604022146,7.335492752942773,67.36293730498457,65.31809518647975,67.80436509333228,true,'2018-08-16 12:06:53.486','')
,(84,5,22.77228615055875,8.425835038668419,74.44969044833206,69.24718096348411,53.55583887312669,false,'2018-09-15 12:06:53.486','')
,(85,5,20.787692352887277,9.907044528981046,73.25511795000261,58.51885011650481,30.25717174466733,true,'2018-10-15 12:06:53.486','')
,(86,5,21.262408154702413,6.11685627770002,60.113719340600205,60.35613176303904,53.98029462843935,true,'2018-11-14 12:06:53.486','')
,(87,5,21.029762841235804,3.831659195784668,48.18797899576951,63.50181104328941,43.83063679724276,true,'2018-12-14 12:06:53.486','')
,(88,5,20.589856364516926,4.93962173726862,83.52564593480439,59.832863657421065,48.47270298614426,true,'2019-01-13 12:06:53.486','')
,(89,5,17.08478057734671,11.673289106502592,62.965845575372775,65.0328518067242,50.3250501922121,false,'2019-02-12 12:06:53.486','')
,(90,5,19.166665923143537,5.06607809862766,54.753340503560715,62.475575300996105,50.53626320414034,false,'2019-03-14 12:06:53.486','')
,(91,5,18.431832850488583,7.475609405150756,72.24802942353153,61.45928117372928,36.14472724715091,true,'2019-04-13 12:06:53.486','')
,(92,5,18.929456982878932,2.207991152909697,77.71396894448063,61.8627603907869,46.594498833663394,true,'2019-05-13 12:06:53.486','')
,(93,5,17.971531058182578,10.21649252663022,60.53129913280798,57.1960898646732,48.196260162719945,true,'2019-06-12 12:06:53.486','')
,(94,5,15.14734296139617,6.974351148048929,65.65528556382063,61.83325820252763,42.483441126251,true,'2019-07-12 12:06:53.486','')
,(95,5,19.22587435902408,8.370740769619191,66.60690365245956,60.21206889848581,46.71883755910357,true,'2019-08-11 12:06:53.486','')
,(96,5,20,8.497439918170699,62.82375199263104,74.72206020840014,64.90640322207973,true,'2019-09-10 12:06:53.486','')
,(97,5,16.54688397431947,6.247922287007949,65.64643146225809,64.47449676497821,44.95220588793381,false,'2019-10-10 12:06:53.486','')
,(98,5,20.120193968134302,1.3163666005732404,67.65571075105423,56.81529195528973,51.0162123505361,false,'2019-11-09 12:06:53.486','')
,(99,5,18.731807210502566,6.808070955841582,62.12839558441598,61.61407028573826,42.65586046971148,true,'2019-12-09 12:06:53.486','')
,(100,5,18.093950164160333,6.947100223820279,56.24771332300932,58.2797599120357,57.22243210600763,true,'2020-01-08 12:06:53.486','');

-- Historiaplanta

INSERT INTO public.app_historiaplanta (idhistoriaplanta,idplanta,idzona,humedad,comentario,fecharegistro) VALUES 
(1,1,2,61.11048790299879,'','2018-06-17 13:01:41.027')
,(2,1,2,59.70154433027938,'','2018-07-17 13:01:41.027')
,(3,1,2,59.61862883731971,'','2018-08-16 13:01:41.027')
,(4,1,2,48.84825528132304,'','2018-09-15 13:01:41.027')
,(5,1,2,59.017822090844675,'','2018-10-15 13:01:41.027')
,(6,1,2,47.44020490011451,'','2018-11-14 13:01:41.027')
,(7,1,2,65.14284337502106,'','2018-12-14 13:01:41.027')
,(8,1,2,60.78628487479309,'','2019-01-13 13:01:41.027')
,(9,1,2,59.913552190730556,'','2019-02-12 13:01:41.027')
,(10,1,2,67.33263977412567,'','2019-03-14 13:01:41.027')
,(11,1,2,69.90956703588387,'','2019-04-13 13:01:41.027')
,(12,1,2,71.61806799667556,'','2019-05-13 13:01:41.027')
,(13,1,2,65.40295010083516,'','2019-06-12 13:01:41.027')
,(14,1,2,78.3258408349494,'','2019-07-12 13:01:41.027')
,(15,1,2,80.14707946112486,'','2019-08-11 13:01:41.027')
,(16,1,2,65.1636123680947,'','2019-09-10 13:01:41.027')
,(17,1,2,58.81946964345538,'','2019-10-10 13:01:41.027')
,(18,1,2,86.27301031470829,'','2019-11-09 13:01:41.027')
,(19,1,2,76.44819926685184,'','2019-12-09 13:01:41.027')
,(20,1,2,75.53109707262237,'','2020-01-08 13:01:41.027');

INSERT INTO public.app_historiaplanta (idhistoriaplanta,idplanta,idzona,humedad,comentario,fecharegistro) VALUES 
(21,2,2,60.732387246466104,'','2018-06-17 13:02:06.292')
,(22,2,2,68.93489477592082,'','2018-07-17 13:02:06.292')
,(23,2,2,58.57503270457977,'','2018-08-16 13:02:06.292')
,(24,2,2,59.8379223623665,'','2018-09-15 13:02:06.292')
,(25,2,2,74.8227345008897,'','2018-10-15 13:02:06.292')
,(26,2,2,71.81520886640142,'','2018-11-14 13:02:06.292')
,(27,2,2,65.71370058153843,'','2018-12-14 13:02:06.292')
,(28,2,2,61.94078328875979,'','2019-01-13 13:02:06.292')
,(29,2,2,67.07644264844185,'','2019-02-12 13:02:06.292')
,(30,2,2,51.19086605583527,'','2019-03-14 13:02:06.292')
,(31,2,2,45.04648937620951,'','2019-04-13 13:02:06.292')
,(32,2,2,63.138274575909996,'','2019-05-13 13:02:06.292')
,(33,2,2,66.32621767448207,'','2019-06-12 13:02:06.292')
,(34,2,2,58.4682333070311,'','2019-07-12 13:02:06.292')
,(35,2,2,49.46490175656208,'','2019-08-11 13:02:06.292')
,(36,2,2,62.95109414573774,'','2019-09-10 13:02:06.292')
,(37,2,2,59.22945487519635,'','2019-10-10 13:02:06.292')
,(38,2,2,72.17531762033,'','2019-11-09 13:02:06.292')
,(39,2,2,56.50925799922152,'','2019-12-09 13:02:06.292')
,(40,2,2,77.72440481632285,'','2020-01-08 13:02:06.292');

INSERT INTO public.app_historiaplanta (idhistoriaplanta,idplanta,idzona,humedad,comentario,fecharegistro) VALUES 
(41,3,3,60.616075503225645,'','2018-06-17 13:05:42.920')
,(42,3,3,60.19368878441053,'','2018-07-17 13:05:42.920')
,(43,3,3,57.468589436063,'','2018-08-16 13:05:42.920')
,(44,3,3,75.80425765253888,'','2018-09-15 13:05:42.920')
,(45,3,3,74.02110957365451,'','2018-10-15 13:05:42.920')
,(46,3,3,56.80489715457018,'','2018-11-14 13:05:42.920')
,(47,3,3,70.31879838375913,'','2018-12-14 13:05:42.920')
,(48,3,3,50.98692504611589,'','2019-01-13 13:05:42.920')
,(49,3,3,55.592423268995695,'','2019-02-12 13:05:42.920')
,(50,3,3,77.71851167968546,'','2019-03-14 13:05:42.920')
,(51,3,3,56.47677911623388,'','2019-04-13 13:05:42.920')
,(52,3,3,56.61682587885718,'','2019-05-13 13:05:42.920')
,(53,3,3,60,'','2019-06-12 13:05:42.920')
,(54,3,3,65.14527658713557,'','2019-07-12 13:05:42.920')
,(55,3,3,69.79566871321552,'','2019-08-11 13:05:42.920')
,(56,3,3,61.29831772957542,'','2019-09-10 13:05:42.920')
,(57,3,3,70.40736032566737,'','2019-10-10 13:05:42.920')
,(58,3,3,58.37078249524354,'','2019-11-09 13:05:42.920')
,(59,3,3,51.14351223898007,'','2019-12-09 13:05:42.920')
,(60,3,3,74.02684859746918,'','2020-01-08 13:05:42.920');

INSERT INTO public.app_historiaplanta (idhistoriaplanta,idplanta,idzona,humedad,comentario,fecharegistro) VALUES 
(61,4,3,60.07895458381317,'','2018-06-17 13:06:04.955')
,(62,4,3,60.16358548410907,'','2018-07-17 13:06:04.955')
,(63,4,3,56.57855686131526,'','2018-08-16 13:06:04.955')
,(64,4,3,48.92960898532111,'','2018-09-15 13:06:04.955')
,(65,4,3,63.99460475318105,'','2018-10-15 13:06:04.955')
,(66,4,3,54.08905113925418,'','2018-11-14 13:06:04.955')
,(67,4,3,51.34746432016708,'','2018-12-14 13:06:04.955')
,(68,4,3,74.14487132974509,'','2019-01-13 13:06:04.955')
,(69,4,3,73.67390720975717,'','2019-02-12 13:06:04.955')
,(70,4,3,53.67938092863518,'','2019-03-14 13:06:04.955')
,(71,4,3,63.28898617411187,'','2019-04-13 13:06:04.955')
,(72,4,3,61.3912758905508,'','2019-05-13 13:06:04.955')
,(73,4,3,55.46630685479893,'','2019-06-12 13:06:04.955')
,(74,4,3,70.1027448428916,'','2019-07-12 13:06:04.955')
,(75,4,3,63.85297438083239,'','2019-08-11 13:06:04.955')
,(76,4,3,58.355002013640394,'','2019-09-10 13:06:04.955')
,(77,4,3,61.2244933886333,'','2019-10-10 13:06:04.955')
,(78,4,3,51.449238399705045,'','2019-11-09 13:06:04.955')
,(79,4,3,73.83727438724061,'','2019-12-09 13:06:04.955')
,(80,4,3,54.57233193930619,'','2020-01-08 13:06:04.955');
